{
  "IcoMoonType": "selection",
  "icons": [
    {
      "icon": {
        "paths": [
          "M925.867 866.133l-157.867-157.867c51.2-64 85.333-149.333 85.333-238.933 0-213.333-170.667-384-384-384s-384 170.667-384 384c0 213.333 170.667 384 384 384 89.6 0 174.933-29.867 238.933-85.333l157.867 157.867c8.533 8.533 21.333 12.8 29.867 12.8s21.333-4.267 29.867-12.8c17.067-17.067 17.067-42.667 0-59.733zM170.667 469.333c0-166.4 132.267-298.667 298.667-298.667s298.667 132.267 298.667 298.667c0 81.067-34.133 157.867-85.333 209.067 0 0 0 0 0 0s0 0 0 0c-55.467 55.467-128 85.333-209.067 85.333-170.667 4.267-302.933-128-302.933-294.4z"
        ],
        "attrs": [],
        "isMulticolor": false,
        "isMulticolor2": false,
        "tags": [
          "search"
        ],
        "grid": 24
      },
      "attrs": [],
      "properties": {
        "id": 194,
        "order": 21,
        "prevSize": 24,
        "code": 59650,
        "name": "search2"
      },
      "setIdx": 0,
      "setId": 6,
      "iconIdx": 193
    },
    {
      "icon": {
        "paths": [
          "M896 213.333h-170.667v-42.667c0-72.533-55.467-128-128-128h-170.667c-72.533 0-128 55.467-128 128v42.667h-170.667c-25.6 0-42.667 17.067-42.667 42.667s17.067 42.667 42.667 42.667h42.667v554.667c0 72.533 55.467 128 128 128h426.667c72.533 0 128-55.467 128-128v-554.667h42.667c25.6 0 42.667-17.067 42.667-42.667s-17.067-42.667-42.667-42.667zM384 170.667c0-25.6 17.067-42.667 42.667-42.667h170.667c25.6 0 42.667 17.067 42.667 42.667v42.667h-256v-42.667zM768 853.333c0 25.6-17.067 42.667-42.667 42.667h-426.667c-25.6 0-42.667-17.067-42.667-42.667v-554.667h512v554.667z",
          "M426.667 426.667c-25.6 0-42.667 17.067-42.667 42.667v256c0 25.6 17.067 42.667 42.667 42.667s42.667-17.067 42.667-42.667v-256c0-25.6-17.067-42.667-42.667-42.667z",
          "M597.333 426.667c-25.6 0-42.667 17.067-42.667 42.667v256c0 25.6 17.067 42.667 42.667 42.667s42.667-17.067 42.667-42.667v-256c0-25.6-17.067-42.667-42.667-42.667z"
        ],
        "attrs": [],
        "isMulticolor": false,
        "isMulticolor2": false,
        "tags": [
          "trash-2"
        ],
        "grid": 24
      },
      "attrs": [],
      "properties": {
        "id": 229,
        "order": 22,
        "prevSize": 24,
        "code": 59648,
        "name": "trash-2"
      },
      "setIdx": 0,
      "setId": 6,
      "iconIdx": 228
    }
  ],
  "height": 1024,
  "metadata": {
    "name": "icomoon"
  },
  "preferences": {
    "showGlyphs": true,
    "showQuickUse": true,
    "showQuickUse2": true,
    "showSVGs": true,
    "fontPref": {
      "prefix": "icon-",
      "metadata": {
        "fontFamily": "icomoon",
        "majorVersion": 1,
        "minorVersion": 0
      },
      "metrics": {
        "emSize": 1024,
        "baseline": 6.25,
        "whitespace": 50
      },
      "embed": false
    },
    "imagePref": {
      "prefix": "icon-",
      "png": true,
      "useClassSelector": true,
      "color": 0,
      "bgColor": 16777215,
      "classSelector": ".icon"
    },
    "historySize": 50,
    "showCodes": true,
    "gridSize": 16
  }
}